author,commits,added,deleted,files,bugfix_commits,avg_files_per_commit,avg_lines_per_commit,weekend_rate,experience,score,tier
 David Lord,1841,35261,34731,0,244,0.0,38.02,0.21,1840,0.2806443103587017,1
 Markus Heidelberg,2,2,8,0,1,0.0,5.0,0.0,1,0.0004213021757710001,3
 Christian Clauss,1,9,0,0,0,0.0,9.0,0.0,0,0.001095360210752367,3
 ADITYA SAH,1,0,0,0,0,0.0,0.0,1.0,0,0.05,1
 Hynek Schlawack,1,5,5,0,1,0.0,10.0,0.0,0,0.0008639561534866613,3
 subhajitsaha01,1,0,0,0,0,0.0,0.0,1.0,0,0.05,1
 Grant Birkinbine,1,0,0,0,0,0.0,0.0,0.0,0,0.0,4
 kadai0308,1,272,23,0,0,0.0,295.0,1.0,0,0.08587085963858423,1
 Tero Vuotila,1,2,1,0,0,0.0,3.0,0.0,0,0.0003637020730300636,3
 Badhreesh,1,0,0,0,0,0.0,0.0,0.0,0,0.0,4
 abhiram kamini,1,0,0,0,0,0.0,0.0,0.0,0,0.0,4
 AJ Jordan,1,0,0,0,1,0.0,0.0,1.0,0,0.04965397923875433,1
 James Addison,1,15,5,0,0,0.0,20.0,0.0,0,0.0024270438155682993,3
 CoolCat467,1,6,0,0,0,0.0,6.0,0.0,0,0.000730240140501578,3
 black,1,0,0,0,0,0.0,0.0,0.0,0,0.0,4
 George Waters,1,5,1,0,0,0.0,6.0,0.0,0,0.0007288221432808525,3
 kotvkvante,1,0,0,0,1,0.0,0.0,1.0,0,0.04965397923875433,1
 zhuangzhuang,1,0,0,0,0,0.0,0.0,0.0,0,0.0,4
 kurtatter,1,4,1,0,1,0.0,5.0,1.0,0,0.050261094691951586,1
 David,1,0,0,0,0,0.0,0.0,0.0,0,0.0,4
 bre-17387639,1,22,19,0,1,0.0,41.0,0.0,0,0.004617011584987991,3
 Catarina Bressan,1,0,0,0,1,0.0,0.0,0.0,0,-0.0003460207612456748,6
 Grey Li,105,819,368,0,34,0.0,11.3,0.25,104,0.020212417809902076,2
 pre-commit-ci[bot],39,0,0,0,0,0.0,0.0,0.0,38,0.006195652173913043,2
 dependabot[bot],61,190,191,0,0,0.0,6.25,0.26,60,0.023803832497982954,2
 Amirreza A,1,0,0,0,1,0.0,0.0,0.0,0,-0.0003460207612456748,6
 pgjones,49,3926,2272,0,3,0.0,126.49,0.53,48,0.054070398521577356,1
 Heisenberg,1,0,0,0,0,0.0,0.0,1.0,0,0.05,1
 Jake Tanis,1,0,0,0,0,0.0,0.0,0.0,0,0.0,4
 Éloi Rivard,1,0,0,0,0,0.0,0.0,0.0,0,0.0,4
 JamesMRamm,1,0,0,0,0,0.0,0.0,0.0,0,0.0,4
 Sviatoslav Sydorenko (Святослав Сидоренко),1,0,0,0,0,0.0,0.0,0.0,0,0.0,4
 Tony Huang,1,10,1,0,1,0.0,11.0,0.0,0,0.0009913348324531595,3
 Cody Scott,1,4,1,0,1,0.0,5.0,0.0,0,0.00026109469195158145,3
 Ben Huebscher,1,0,0,0,0,0.0,0.0,0.0,0,0.0,4
 lizard,1,4,1,0,1,0.0,5.0,0.0,0,0.00026109469195158145,3
 Daniel Isaac,1,3,1,0,1,0.0,4.0,0.0,0,0.0001393880018679851,4
 Resistor-git,2,0,0,0,1,0.0,0.0,1.0,1,0.0498170227170152,1
 Arnout Engelen,1,0,0,0,1,0.0,0.0,0.0,0,-0.0003460207612456748,6
 Iztok Fister Jr,1,0,0,0,0,0.0,0.0,1.0,0,0.05,1
 Akinola Abiodun Emmanuel,1,0,0,0,0,0.0,0.0,1.0,0,0.05,1
 nick2202,1,0,0,0,1,0.0,0.0,0.0,0,-0.0003460207612456748,6
 pavithra,1,0,0,0,1,0.0,0.0,1.0,0,0.04965397923875433,1
 hauntsaninja,1,0,0,0,0,0.0,0.0,0.0,0,0.0,4
 Pamela Fox,2,0,0,0,0,0.0,0.0,0.5,1,0.02516304347826087,2
 ToolMoney,1,0,0,0,1,0.0,0.0,0.0,0,-0.0003460207612456748,6
 mohammad m. moniri,1,0,0,0,0,0.0,0.0,0.0,0,0.0,4
 Jeroendevr,1,0,0,0,0,0.0,0.0,0.0,0,0.0,4
 Pedro Guilherme S. Moreira,1,0,0,0,1,0.0,0.0,0.0,0,-0.0003460207612456748,6
 Lucas Werkmeister,1,3,1,0,1,0.0,4.0,0.0,0,0.0001393880018679851,4
 EtiennePelletier,4,22,148,0,1,0.0,42.5,0.0,3,0.0052865750590649066,2
 emisargent,1,75,38,0,0,0.0,113.0,0.0,0,0.01369897208505882,2
 Adam Dangoor,1,0,0,0,0,0.0,0.0,1.0,0,0.05,1
 lettow-humain,1,0,0,0,1,0.0,0.0,0.0,0,-0.0003460207612456748,6
 Evgeny Mozhaev,1,10,0,0,0,0.0,10.0,1.0,0,0.05121706690083597,1
 martinamca,1,0,0,0,0,0.0,0.0,0.0,0,0.0,4
 AntoineMath,1,23,5,0,0,0.0,28.0,0.0,0,0.00340069733623707,3
 Maxim G. Ivanov,5,5,3,0,4,0.0,1.6,0.0,4,-0.0005323572372550002,6
 owgreen,1,0,0,0,1,0.0,0.0,0.0,0,-0.0003460207612456748,6
 Andrii Kolomoiets,1,0,0,0,1,0.0,0.0,0.0,0,-0.0003460207612456748,6
 Bhushan Mohanraj,1,0,0,0,0,0.0,0.0,0.0,0,0.0,4
 Josh Michael Karamuth,1,56,0,0,1,0.0,56.0,0.0,0,0.00646955388343572,2
 Jonah Lawrence,2,16,4,0,0,0.0,10.0,1.0,1,0.05138861836242119,1
 Asif Saif Uddin,1,0,0,0,0,0.0,0.0,0.0,0,0.0,4
 rayanth,1,0,0,0,0,0.0,0.0,0.0,0,0.0,4
 Dosenpfand,1,0,0,0,1,0.0,0.0,1.0,0,0.04965397923875433,1
 Abdur-Rahmaan Janhangeer,2,0,0,0,1,0.0,0.0,0.5,1,0.0248170227170152,2
 Mat Steininger,1,0,0,0,1,0.0,0.0,1.0,0,0.04965397923875433,1
 TehBrian,1,0,0,0,1,0.0,0.0,0.0,0,-0.0003460207612456748,6
 Yang Yang,1,0,0,0,0,0.0,0.0,1.0,0,0.05,1
 Maksim Salau,1,0,0,0,1,0.0,0.0,0.0,0,-0.0003460207612456748,6
 waffle-stomper,1,0,0,0,1,0.0,0.0,0.0,0,-0.0003460207612456748,6
 Isaac Woodruff,1,0,0,0,0,0.0,0.0,0.0,0,0.0,4
 Kevin Kirsche,4,16,12,0,1,0.0,7.0,0.0,3,0.0010078184791086373,3
 Thomas Rhines,1,0,0,0,0,0.0,0.0,1.0,0,0.05,1
 Dillon Barnes,1,0,0,0,0,0.0,0.0,0.0,0,0.0,4
 Oğuzhan Çelikarslan,1,0,0,0,1,0.0,0.0,0.0,0,-0.0003460207612456748,6
 tautv,1,0,0,0,0,0.0,0.0,0.0,0,0.0,4
 Philipp Rohde,1,0,0,0,1,0.0,0.0,0.0,0,-0.0003460207612456748,6
 Matthijs van der Vleuten,1,15,1,0,0,0.0,16.0,0.0,0,0.001945889044116816,3
 Yourun-Proger,3,34,6,0,1,0.0,13.33,0.0,2,0.0016317263766427983,3
 Pedro Torcatt,4,0,0,0,2,0.0,0.0,0.25,3,0.01229708891229126,2
 Earl C. Ruby III,1,0,0,0,0,0.0,0.0,0.0,0,0.0,4
 Phil Jones,1,123,76,0,0,0.0,199.0,0.0,0,0.024111863537860538,2
 Ties Jan Hefting,1,2,0,0,0,0.0,2.0,0.0,0,0.00024341338016719267,3
 hankhank10,2,0,0,0,0,0.0,0.0,0.5,1,0.02516304347826087,2
 Dan Mirsky,1,0,0,0,0,0.0,0.0,0.0,0,0.0,4
 Evgeny Prigorodov,1,47,11,0,0,0.0,58.0,0.0,0,0.007043390055420607,2
 Numerlor,1,0,0,0,0,0.0,0.0,1.0,0,0.05,1
 Nick Kocharhook,1,0,0,0,1,0.0,0.0,0.0,0,-0.0003460207612456748,6
 lecovi,2,0,0,0,0,0.0,0.0,0.0,1,0.00016304347826086955,3
 Stanislav Bushuev,2,13,13,0,0,0.0,13.0,0.0,1,0.001745230449347622,3
 Justin Bull,1,8,2,0,0,0.0,10.0,0.0,0,0.0012142309063945126,3
 Nathan Brown,1,0,0,0,0,0.0,0.0,0.0,0,0.0,4
 Chris Hallacy,1,11,5,0,0,0.0,16.0,0.0,0,0.0019402170552339142,3
 Ivan Sushkov,1,46,37,0,0,0.0,83.0,0.0,0,0.010049189379771655,2
 dzcode,1,92,1,0,0,0.0,93.0,0.0,0,0.011317304180553734,2
 Tim Hoagland,1,55,1,0,0,0.0,56.0,0.0,0,0.006814156647460669,2
 Luis Palacios,1,4,112,0,0,0.0,116.0,0.0,0,0.013959160360975924,2
 Qingpeng Li,1,42,37,0,0,0.0,79.0,0.0,0,0.009562362619437268,2
 Maria Andrea Vignau,1,0,0,0,0,0.0,0.0,0.0,0,0.0,4
 DailyDreaming,1,0,0,0,0,0.0,0.0,0.0,0,0.0,4
 Bo Bayles,1,0,0,0,1,0.0,0.0,0.0,0,-0.0003460207612456748,6
 James Warne,1,11,1,0,0,0.0,12.0,0.0,0,0.0014590622837824306,3
 Rafael Zimmer,1,8,1,0,1,0.0,9.0,0.0,0,0.0007479214522859668,3
 MeViMo,2,0,0,0,0,0.0,0.0,0.0,1,0.00016304347826086955,3
 LarsMoons,1,0,0,0,0,0.0,0.0,0.0,0,0.0,4
 octopoulpe,1,0,0,0,0,0.0,0.0,0.0,0,0.0,4
 uedvt359,1,9,2,0,1,0.0,11.0,0.0,0,0.000989916835232434,3
 Tushar Sadhwani,1,0,0,0,0,0.0,0.0,0.0,0,0.0,4
 Colin Adams,2,0,0,0,2,0.0,0.0,0.0,1,-0.00052899804423048,6
 Mickaël Guérin,1,33,1,0,0,0.0,34.0,0.0,0,0.00413660946562155,3
 Stefane Fermigier,1,0,0,0,0,0.0,0.0,0.0,0,0.0,4
 K900,1,15,6,0,0,0.0,21.0,0.0,0,0.0025473325084311702,3
 Cameron Dahl,1,0,0,0,0,0.0,0.0,0.0,0,0.0,4
 otherJL0,1,155,0,0,0,0.0,155.0,0.0,0,0.018864536962957434,2
 olliemath,1,12,3,0,0,0.0,15.0,1.0,0,0.05182134635959178,1
 Jürgen Gmach,1,0,0,0,1,0.0,0.0,0.0,0,-0.0003460207612456748,6
 Henry Kobin,2,7,4,0,0,0.0,5.5,0.5,1,0.025834557269551736,2
 Bojan Delić,1,2,8,0,1,0.0,10.0,0.0,0,0.000859702161824485,3
 Chenwei Xiao,1,0,0,0,0,0.0,0.0,1.0,0,0.05,1
 Ryan Nevius,1,0,0,0,0,0.0,0.0,0.0,0,0.0,4
 karintou8710,1,4,4,0,1,0.0,8.0,1.0,0,0.0506219607705402,1
 Matthias Paulsen,1,105,26,0,0,0.0,131.0,0.0,0,0.01590670847321226,2
 Makonede,1,0,0,0,1,0.0,0.0,0.0,0,-0.0003460207612456748,6
 Seth Rutner,1,5,6,0,1,0.0,11.0,0.0,0,0.0009842448463495321,3
 Kasper Primdal Lauritzen,1,0,0,0,1,0.0,0.0,0.0,0,-0.0003460207612456748,6
 Mindiell,1,0,0,0,1,0.0,0.0,0.0,0,-0.0003460207612456748,6
 nabbisen,1,2,2,0,0,0.0,4.0,1.0,0,0.05048399076589294,1
 Emil Sadek,1,0,0,0,0,0.0,0.0,1.0,0,0.05,1
 na2shell,1,26,12,0,0,0.0,38.0,0.0,0,0.0046078382565279555,3
 Rohan salwan,1,16,8,0,0,0.0,24.0,0.0,0,0.0029096165842405087,3
 default-303,2,21,4,0,1,0.0,12.5,1.0,1,0.051350409319436324,1
 Angeline,1,45,41,0,0,0.0,86.0,0.0,0,0.010408637461139542,2
 Karuna Tata,1,0,0,0,0,0.0,0.0,0.0,0,0.0,4
 kaushik kothiya,1,0,0,0,0,0.0,0.0,0.0,0,0.0,4
 Elahi-cs,1,2,2,0,1,0.0,4.0,0.0,0,0.0001379700046472597,4
 Frank Yu,7,0,0,0,0,0.0,0.0,0.14,6,0.007978260869565218,2
 Adrian Moennich,9,87,65,0,2,0.0,16.89,0.56,8,0.030767348084252615,2
 Hugo Montenegro,1,0,0,0,0,0.0,0.0,0.0,0,0.0,4
 Pascal Corpet,2,41,14,0,0,0.0,27.5,0.0,1,0.0035291204180395623,3
 Miguel Grinberg,7,105,14,0,3,0.0,17.0,0.14,6,0.009133996072673171,2
 laggardkernel,2,4,1,0,0,0.0,2.5,0.0,1,0.00046943719930094853,3
 Marat Sharafutdinov,2,13,6,0,1,0.0,9.5,0.0,1,0.000978199263081899,3
 Alex Hedges,4,30,9,0,1,0.0,9.75,0.25,3,0.01385846434557169,2
 Oleksis Fraga Menéndez,1,0,0,0,0,0.0,0.0,0.0,0,0.0,4
 Danny Sepler,1,0,0,0,0,0.0,0.0,1.0,0,0.05,1
 Rafael Aviles,1,0,0,0,0,0.0,0.0,0.0,0,0.0,4
 brettlangdon,1,9,3,0,0,0.0,12.0,0.0,0,0.0014562262893409797,3
 oleksis,1,0,0,0,1,0.0,0.0,0.0,0,-0.0003460207612456748,6
 Andrew J Roth,1,0,0,0,0,0.0,0.0,0.0,0,0.0,4
 Joshua Bronson,20,42,2,0,8,0.0,2.2,0.4,19,0.020653851004559912,2
 dependabot-preview[bot],91,143,98,0,0,0.0,2.65,0.04,90,0.017195451682128608,2
 kangetsu121,1,0,0,0,1,0.0,0.0,0.0,0,-0.0003460207612456748,6
 Matthew Preble,1,28,3,0,0,0.0,31.0,0.0,0,0.00376865340092931,3
 Tony De La Nuez,1,0,0,0,0,0.0,0.0,1.0,0,0.05,1
 Elliott King,1,0,0,0,0,0.0,0.0,0.0,0,0.0,4
 huimingz,1,0,0,0,0,0.0,0.0,1.0,0,0.05,1
 jordivandooren,1,0,0,0,0,0.0,0.0,0.0,0,0.0,4
 Pedro Lourenço,2,0,0,0,1,0.0,0.0,0.0,1,-0.00018297728298480523,6
 Sarthak Vineet Kumar,1,0,0,0,0,0.0,0.0,0.0,0,0.0,4
 Mathurshan Vimalesvaran,1,20,3,0,0,0.0,23.0,0.0,0,0.002794999880260539,3
 Viet Hung Nguyen,1,0,0,0,0,0.0,0.0,1.0,0,0.05,1
 Karthikeyan Singaravelan,1,8,7,0,0,0.0,15.0,1.0,0,0.05181567437070887,1
 Sebastian Höffner,1,0,0,0,0,0.0,0.0,0.0,0,0.0,4
 Bart Broere,1,0,0,0,0,0.0,0.0,0.0,0,0.0,4
 Jamiu Salimon,1,0,0,0,0,0.0,0.0,0.0,0,0.0,4
 Paul Sanders,1,0,0,0,0,0.0,0.0,1.0,0,0.05,1
 Matěj Volf,1,0,0,0,0,0.0,0.0,0.0,0,0.0,4
 Bogdan Opanchuk,1,29,1,0,0,0.0,30.0,1.0,0,0.05364978270528717,1
 sblondon,1,0,0,0,0,0.0,0.0,0.0,0,0.0,4
 miquelvir,1,0,0,0,1,0.0,0.0,0.0,0,-0.0003460207612456748,6
 Ebram Shehata,1,0,0,0,0,0.0,0.0,1.0,0,0.05,1
 girst,1,0,0,0,0,0.0,0.0,0.0,0,0.0,4
 Ryuichi Watanabe,1,0,0,0,0,0.0,0.0,0.0,0,0.0,4
 ongopongo,2,0,0,0,1,0.0,0.0,0.0,1,-0.00018297728298480523,6
 WolframAlph,1,0,0,0,1,0.0,0.0,1.0,0,0.04965397923875433,1
 Nils Philippsen,1,0,0,0,0,0.0,0.0,0.0,0,0.0,4
 yk396,1,473,495,0,0,0.0,968.0,0.0,0,0.11711016737666216,1
 jackwardell,3,471,289,0,0,0.0,253.33,0.33,2,0.047966698210434505,2
 Martin Thoma,1,0,13,0,0,0.0,13.0,1.0,0,0.05156375300721733,1
 Ebonne Cabarrus,1,245,288,0,0,0.0,533.0,0.0,0,0.0644612826149879,1
 Christopher Nguyen,1,15,7,0,0,0.0,22.0,1.0,0,0.05266762120129404,1
 Armin Ronacher,1191,31655,11202,0,289,0.0,35.98,0.33,1190,0.15973642832170493,1
 Deep R. Ode,1,0,0,0,0,0.0,0.0,0.0,0,0.0,4
 Sergei,1,0,0,0,0,0.0,0.0,0.0,0,0.0,4
 Leonardo Giordani,4,0,0,0,2,0.0,0.0,0.25,3,0.01229708891229126,2
 iomintz,1,0,0,0,0,0.0,0.0,0.0,0,0.0,4
 Alan Swenson,1,0,0,0,0,0.0,0.0,0.0,0,0.0,4
 Kai Chen,1,0,0,0,0,0.0,0.0,1.0,0,0.05,1
 Jeff Widman,22,165,168,0,6,0.0,15.14,0.18,21,0.012402928827367776,2
 Jeenu Viswambharan,1,0,0,0,0,0.0,0.0,0.0,0,0.0,4
 mattc41190,2,0,0,0,1,0.0,0.0,0.0,1,-0.00018297728298480523,6
 Shanavas M,1,0,0,0,0,0.0,0.0,0.0,0,0.0,4
 Tobias Sette,1,0,0,0,0,0.0,0.0,0.0,0,0.0,4
 kevinanew,1,0,0,0,0,0.0,0.0,1.0,0,0.05,1
 gutianci,1,0,0,0,0,0.0,0.0,0.0,0,0.0,4
 Peter G Kritikos,1,0,0,0,0,0.0,0.0,0.0,0,0.0,4
 kylepollina,1,0,0,0,1,0.0,0.0,0.0,0,-0.0003460207612456748,6
 Frost Ming,1,0,0,0,0,0.0,0.0,0.0,0,0.0,4
 yingshaoxo,1,0,0,0,0,0.0,0.0,0.0,0,0.0,4
 frostming,1,14,1,0,0,0.0,15.0,0.0,0,0.0018241823540332196,3
 Isaac To,3,0,0,0,0,0.0,0.0,0.0,2,0.0003260869565217391,3
 Marc Hernandez Cabot,1,2,2,0,1,0.0,4.0,0.0,0,0.0001379700046472597,4
 Gregory Pakosz,1,0,0,0,0,0.0,0.0,1.0,0,0.05,1
 Reece Dunham,1,0,0,0,0,0.0,0.0,0.0,0,0.0,4
 raymond-devries,1,3,2,0,0,0.0,5.0,0.0,0,0.0006056974559765308,3
 Latham Fell,1,0,0,0,0,0.0,0.0,0.0,0,0.0,4
 Adrian,7,0,0,0,2,0.0,0.0,0.14,6,0.007286219347073868,2
 Aliaksei Urbanski,1,5,2,0,0,0.0,7.0,1.0,0,0.05084911083614373,1
 Jochen Kupperschmidt,5,0,0,0,2,0.0,0.0,0.2,4,0.00996013239055213,2
 Thiago J. Barbalho,1,0,0,0,1,0.0,0.0,1.0,0,0.04965397923875433,1
 Fernanda Guimarães,1,0,0,0,0,0.0,0.0,0.0,0,0.0,4
 Chris Lamb,1,0,0,0,0,0.0,0.0,0.0,0,0.0,4
 erfanio,1,13,13,0,0,0.0,26.0,1.0,0,0.05314593997830408,1
 Doron Horwitz,1,73,5,0,0,0.0,78.0,0.0,0,0.009486031840416888,2
 Kristin Faner,1,0,0,0,1,0.0,0.0,1.0,0,0.04965397923875433,1
 Mellcap Zhao,1,0,0,0,1,0.0,0.0,1.0,0,0.04965397923875433,1
 bearnun,1,0,0,0,0,0.0,0.0,0.0,0,0.0,4
 Nathan McKinley-Pace,1,0,0,0,0,0.0,0.0,0.0,0,0.0,4
 hharutyunyan,1,0,0,0,0,0.0,0.0,0.0,0,0.0,4
 Constantin,1,0,0,0,1,0.0,0.0,1.0,0,0.04965397923875433,1
 Arnav Borborah,1,0,0,0,1,0.0,0.0,0.0,0,-0.0003460207612456748,6
 Eido95,1,0,0,0,0,0.0,0.0,0.0,0,0.0,4
 Chris Zimmerman,1,0,0,0,1,0.0,0.0,0.0,0,-0.0003460207612456748,6
 Csirmaz Bendegúz,1,0,0,0,1,0.0,0.0,0.0,0,-0.0003460207612456748,6
 linchiwei123,1,0,0,0,0,0.0,0.0,0.0,0,0.0,4
 makdon,1,0,0,0,0,0.0,0.0,1.0,0,0.05,1
 Stéphane Wirtel,1,0,0,0,0,0.0,0.0,0.0,0,0.0,4
 Aadi Bajpai,2,0,0,0,0,0.0,0.0,0.5,1,0.02516304347826087,2
 ThiefMaster,12,148,35,0,2,0.0,15.25,0.25,11,0.015645702893204362,2
 Abhinav Sagar,1,0,0,0,0,0.0,0.0,1.0,0,0.05,1
 Anthony Sottile,2,471,433,0,0,0.0,452.0,0.0,1,0.0552014093432402,1
 Elad Moshe,1,41,24,0,0,0.0,65.0,1.0,0,0.05787690292213635,1
 aligoren,1,0,0,0,0,0.0,0.0,0.0,0,0.0,4
 vdanain,1,0,0,0,0,0.0,0.0,1.0,0,0.05,1
 Logan Wright,1,0,0,0,0,0.0,0.0,0.0,0,0.0,4
 Jon S. Stumpf,2,89,92,0,0,0.0,90.5,0.0,1,0.01117537193499525,2
 cslecrone,1,21,1,0,0,0.0,22.0,0.0,0,0.002676129184618394,3
 Paul Butler,1,7,1,0,0,0.0,8.0,0.0,0,0.0009722355234480452,3
 Diego Alberto Torres Quintanilla,1,0,0,0,0,0.0,0.0,0.0,0,0.0,4
 ultimecia7,1,0,0,0,1,0.0,0.0,0.0,0,-0.0003460207612456748,6
 Daniel Pope,6,138,73,0,4,0.0,35.17,0.0,5,0.00385737129076893,3
 gokcegrbl,1,0,0,0,1,0.0,0.0,0.0,0,-0.0003460207612456748,6
 John Zeringue,1,19,5,0,1,0.0,24.0,0.0,0,0.00256784981465701,3
 Scott Crosby,1,30,38,0,0,0.0,68.0,0.0,0,0.008222171031296984,2
 Sang Min Park,1,0,0,0,0,0.0,0.0,0.0,0,0.0,4
 Ryan Thielke,1,0,0,0,0,0.0,0.0,0.0,0,0.0,4
 Fantix King,1,29,6,0,1,0.0,35.0,0.0,0,0.003905205408355844,3
 Pete Beardmore,1,16,1,0,0,0.0,17.0,0.0,0,0.0020675957342004125,3
 Anthony Plunkett,5,179,8,0,1,0.0,37.4,0.0,4,0.00505877176737903,2
 Bruno Rocha,2,23,2,0,1,0.0,12.5,0.0,1,0.001353245313877766,3
 jab,2,46,7,0,1,0.0,26.5,0.0,1,0.003069900950034644,3
 David Baumgold,6,3902,3561,0,2,0.0,1243.83,0.17,5,0.16377488586770836,1
 Adarsh Sharma,1,19,3,0,1,0.0,22.0,0.0,0,0.002327272428931268,3
 vorelq,1,14,8,0,0,0.0,22.0,1.0,0,0.052666203204073316,1
 shidenggui,1,9,1,0,0,0.0,10.0,0.0,0,0.001215648903615238,3
 Eruvanos,1,26,5,0,0,0.0,31.0,0.0,0,0.0037658174064878593,3
 Frankie Liu,1,15,2,0,0,0.0,17.0,0.0,0,0.0020661777369796867,3
 LeeW,1,27,3,0,0,0.0,30.0,0.0,0,0.0036469467108457138,3
 icreatedanaccount,1,27,0,0,0,0.0,27.0,0.0,0,0.003286080632257101,3
 DamianSkrzypczak,1,0,0,0,1,0.0,0.0,0.0,0,-0.0003460207612456748,6
 brunoais,1,0,0,0,0,0.0,0.0,1.0,0,0.05,1
 Michael E. Karpeles,1,0,0,0,0,0.0,0.0,0.0,0,0.0,4
 Matt Cooper,9,94,59,0,0,0.0,17.0,0.89,8,0.04798254734350396,2
 A Brooks,1,14,14,0,1,0.0,28.0,0.0,0,0.0030419146000048663,3
 Charles Ross,1,12,6,0,0,0.0,18.0,0.0,0,0.0021822124381803815,3
 Abhinav,1,0,0,0,0,0.0,0.0,0.0,0,0.0,4
 Tom-McDonald,1,0,0,0,0,0.0,0.0,1.0,0,0.05,1
 Adam Johnson,1,0,0,0,0,0.0,0.0,1.0,0,0.05,1
 jordan bonser,1,0,0,0,0,0.0,0.0,1.0,0,0.05,1
 RyanSquared,1,0,0,0,1,0.0,0.0,0.0,0,-0.0003460207612456748,6
 Sebastian Jakubiak,1,0,0,0,1,0.0,0.0,0.0,0,-0.0003460207612456748,6
 jaydarius,1,0,0,0,0,0.0,0.0,0.0,0,0.0,4
 Lindsay Young,1,0,0,0,0,0.0,0.0,0.0,0,0.0,4
 Peter Landoll,1,0,0,0,0,0.0,0.0,0.0,0,0.0,4
 Max,5,112,89,0,1,0.0,40.2,0.0,4,0.005300574293606463,2
 Martin Michlmayr,2,3,3,0,1,0.0,3.0,1.0,1,0.05018214278726599,1
 cclauss,1,0,0,0,0,0.0,0.0,0.0,0,0.0,4
 Carson Ip,1,0,0,0,1,0.0,0.0,0.0,0,-0.0003460207612456748,6
 venus,2,0,0,0,2,0.0,0.0,1.0,1,0.04947100195576953,2
 Hsiaoming Yang,25,23,30,0,10,0.0,2.12,0.36,24,0.01874046183075009,2
 Jimmy Jia,1,13,1,0,0,0.0,14.0,0.0,0,0.0017024756639496233,3
 garenchan,7,37,11,0,3,0.0,6.86,0.14,6,0.007817844916034329,2
 Ignasi Bosch,1,27,1,0,0,0.0,28.0,0.0,0,0.003406369325119972,3
 Dilan Coss,3,0,0,0,1,0.0,0.0,0.0,2,-1.993380472393568e-05,5
 Igor Ghisi,1,0,0,0,0,0.0,0.0,0.0,0,0.0,4
 Stephon Harris,1,0,0,0,0,0.0,0.0,1.0,0,0.05,1
 nathanbegbie,1,0,0,0,0,0.0,0.0,0.0,0,0.0,4
 Douglas Thor,2,42,0,0,0,0.0,21.0,0.5,1,0.02774866191165163,2
 Ondřej Nový,2,0,0,0,0,0.0,0.0,0.0,1,0.00016304347826086955,3
 xtreak,2,4,2,0,1,0.0,3.0,0.5,1,0.025183560784486712,2
 Mark Amery,1,18,9,0,1,0.0,27.0,0.0,0,0.0029272978960248972,3
 Rohan Talip,1,0,0,0,0,0.0,0.0,0.0,0,0.0,4
 Jesse Seldess,1,2,2,0,1,0.0,4.0,0.0,0,0.0001379700046472597,4
 Aly Sivji,1,25,0,0,0,0.0,25.0,0.0,0,0.0030426672520899086,3
 Matt Robenolt,2,62,5,0,0,0.0,33.5,0.5,1,0.02928063051685202,2
 Emlyn Price,1,0,0,0,0,0.0,0.0,0.0,0,0.0,4
 Oliver Bestwalter,1,0,0,0,1,0.0,0.0,0.0,0,-0.0003460207612456748,6
 CasterWx,1,0,0,0,0,0.0,0.0,1.0,0,0.05,1
 Andrew Crouse,1,0,0,0,0,0.0,0.0,0.0,0,0.0,4
 Jarek Piórkowski,3,30,2,0,0,0.0,10.67,0.0,2,0.0016521072259903348,3
 Markus Unterwaditzer,274,3828,3993,0,75,0.0,28.54,0.29,273,0.04192044512703514,2
 Adam Walsh,1,0,0,0,0,0.0,0.0,0.0,0,0.0,4
 Dave Chevell,1,22,6,0,0,0.0,28.0,1.0,0,0.05339927933901635,1
 Cyker Way,1,0,0,0,1,0.0,0.0,0.0,0,-0.0003460207612456748,6
 Aditya,1,17,17,0,0,0.0,34.0,1.0,0,0.054113921510089945,1
 jangjunha,1,0,0,0,1,0.0,0.0,0.0,0,-0.0003460207612456748,6
 moyosore,1,0,0,0,1,0.0,0.0,1.0,0,0.04965397923875433,1
 Tom Busby,1,0,0,0,1,0.0,0.0,0.0,0,-0.0003460207612456748,6
 Jarek Lipski,2,0,0,0,0,0.0,0.0,0.0,1,0.00016304347826086955,3
 chengkang,2,0,0,0,1,0.0,0.0,0.0,1,-0.00018297728298480523,6
 Alexis Benoist,1,0,0,0,0,0.0,0.0,0.0,0,0.0,4
 cktan98,1,0,0,0,1,0.0,0.0,0.0,0,-0.0003460207612456748,6
 Jeremy Mayeres,1,0,0,0,0,0.0,0.0,0.0,0,0.0,4
 Justin W. Flory,2,17,17,0,1,0.0,17.0,0.0,1,0.0018860364484363326,3
 Bill Fienberg,1,0,0,0,0,0.0,0.0,0.0,0,0.0,4
 Gabriel Saldanha,3,0,0,0,0,0.0,0.0,0.0,2,0.0003260869565217391,3
 Juan Lara,1,0,0,0,0,0.0,0.0,0.0,0,0.0,4
 Kamil Wargula,1,0,0,0,0,0.0,0.0,0.0,0,0.0,4
 Suraj Chafle,1,0,0,0,1,0.0,0.0,0.0,0,-0.0003460207612456748,6
 Gerald Senarclens de Grancy,1,0,0,0,0,0.0,0.0,0.0,0,0.0,4
 Saul  Urias,1,0,0,0,1,0.0,0.0,0.0,0,-0.0003460207612456748,6
 Radovan Bast,1,0,0,0,0,0.0,0.0,0.0,0,0.0,4
 dayiguizhen,1,0,0,0,0,0.0,0.0,0.0,0,0.0,4
 Tiago Coutinho,1,0,0,0,0,0.0,0.0,0.0,0,0.0,4
 Briehan Lombaard,1,4,4,0,0,0.0,8.0,0.0,0,0.000967981531785869,3
 Nicola Iarocci,1,0,0,0,0,0.0,0.0,1.0,0,0.05,1
 Daniel Opitz,2,0,0,0,2,0.0,0.0,0.0,1,-0.00052899804423048,6
 Mitchel Humpherys,1,0,0,0,0,0.0,0.0,0.0,0,0.0,4
" Aaron Hall, MBA",2,0,0,0,0,0.0,0.0,0.0,1,0.00016304347826086955,3
 Daiana Marasquin,1,0,0,0,1,0.0,0.0,1.0,0,0.04965397923875433,1
 Yao Long,1,0,0,0,0,0.0,0.0,0.0,0,0.0,4
 Jesse Roberts,1,0,0,0,1,0.0,0.0,0.0,0,-0.0003460207612456748,6
 Vik,2,0,0,0,2,0.0,0.0,0.0,1,-0.00052899804423048,6
 wim glenn,3,0,0,0,0,0.0,0.0,0.0,2,0.0003260869565217391,3
 Hampus Dunström,1,0,0,0,0,0.0,0.0,0.0,0,0.0,4
 Filipe Filardi,1,0,0,0,0,0.0,0.0,1.0,0,0.05,1
 Nick Pope,2,20,4,0,0,0.0,12.0,0.0,1,0.0016348677370298292,3
 fphonor,1,30,6,0,0,0.0,36.0,0.0,0,0.004372932859685115,3
 zcchen,1,0,0,0,1,0.0,0.0,0.0,0,-0.0003460207612456748,6
 Josh Holland,1,0,0,0,1,0.0,0.0,0.0,0,-0.0003460207612456748,6
 Fadhel_Chaabane,2,61,4,0,0,0.0,32.5,0.0,1,0.0041589238267684256,3
 Nickatak,1,0,0,0,1,0.0,0.0,1.0,0,0.04965397923875433,1
 Andy Craze,1,0,0,0,0,0.0,0.0,0.0,0,0.0,4
 Camilo,2,0,0,0,1,0.0,0.0,0.0,1,-0.00018297728298480523,6
 Harry Moreno,1,0,0,0,0,0.0,0.0,0.0,0,0.0,4
 Vladimir Kroz,1,0,0,0,0,0.0,0.0,0.0,0,0.0,4
 Ngalim Siregar,2,3,4,0,0,0.0,3.5,1.0,1,0.0505883078949431,1
 Per Mortensen,1,0,0,0,0,0.0,0.0,0.0,0,0.0,4
 domandinho,1,0,0,0,1,0.0,0.0,0.0,0,-0.0003460207612456748,6
 hugovk,1,0,0,0,0,0.0,0.0,0.0,0,0.0,4
 Roy Crihfield,1,0,0,0,1,0.0,0.0,0.0,0,-0.0003460207612456748,6
 Bogdan Alexandru Marginean,1,0,0,0,0,0.0,0.0,0.0,0,0.0,4
 Radoslav Gerganov,1,0,0,0,0,0.0,0.0,0.0,0,0.0,4
 Mrn Om,1,0,0,0,1,0.0,0.0,0.0,0,-0.0003460207612456748,6
 Caratpine,1,13,0,0,0,0.0,13.0,1.0,0,0.051582186971086755,1
 Henry Chladil,1,0,0,0,0,0.0,0.0,1.0,0,0.05,1
 ImgBotApp,1,0,0,0,0,0.0,0.0,0.0,0,0.0,4
 Jaap Broekhuizen,1,0,0,0,0,0.0,0.0,0.0,0,0.0,4
 Brett Johnson,1,0,0,0,0,0.0,0.0,0.0,0,0.0,4
 Alejandro Mantecon Guillen,1,0,0,0,1,0.0,0.0,0.0,0,-0.0003460207612456748,6
 Arie Marie 'Thomas' Dalleis,1,0,0,0,1,0.0,0.0,0.0,0,-0.0003460207612456748,6
 Chuan Ma,1,0,0,0,0,0.0,0.0,0.0,0,0.0,4
 Brennan Vincello,1,0,0,0,0,0.0,0.0,0.0,0,0.0,4
 hallazzang,1,0,0,0,0,0.0,0.0,1.0,0,0.05,1
 Igor Kasianov,1,0,0,0,0,0.0,0.0,0.0,0,0.0,4
 asmith26,1,0,0,0,1,0.0,0.0,1.0,0,0.04965397923875433,1
 Bijan Vakili,1,56,3,0,0,0.0,59.0,0.0,0,0.007176440723270007,2
 William Horton,1,0,0,0,0,0.0,0.0,0.0,0,0.0,4
 John Moutafis,2,0,0,0,0,0.0,0.0,0.0,1,0.00016304347826086955,3
 trirpi,1,0,0,0,1,0.0,0.0,0.0,0,-0.0003460207612456748,6
 Eugene M. Kim,8,30,25,0,1,0.0,6.88,0.0,7,0.0016654097100987273,3
 Tony Narlock,3,0,0,0,0,0.0,0.0,0.0,2,0.0003260869565217391,3
 grahamlutz,1,0,0,0,0,0.0,0.0,1.0,0,0.05,1
 tristan fisher,2,0,0,0,1,0.0,0.0,0.0,1,-0.00018297728298480523,6
 Grant Wu,1,0,0,0,0,0.0,0.0,0.0,0,0.0,4
 Junior Báez,1,0,0,0,0,0.0,0.0,1.0,0,0.05,1
 Kenneth Reitz,116,4,19,0,32,0.0,0.2,0.15,115,0.015207065367593881,2
 Lowell Abbott,6,0,0,0,2,0.0,0.0,0.0,5,0.00012317586881299821,4
 Hendrik Makait,6,265,102,0,0,0.0,61.17,0.0,5,0.008549045997218403,2
 Zeb Palmer,1,0,0,0,0,0.0,0.0,0.0,0,0.0,4
 Dave,1,0,0,0,1,0.0,0.0,0.0,0,-0.0003460207612456748,6
 Nina Zakharenko,1,36,5,0,0,0.0,41.0,0.0,0,0.0049828843073238226,3
 Christian Stade-Schuldt,2,1233,1261,0,0,0.0,1247.0,0.0,1,0.15191143405141533,1
 Dave Morse,1,103,85,0,0,0.0,188.0,0.0,0,0.022760327971954448,2
 Rene A. Zelaya,3,0,0,0,0,0.0,0.0,0.0,2,0.0003260869565217391,3
 Randy Liou,8,0,0,0,1,0.0,0.0,0.0,7,0.0007952835865804122,3
 Mark Shannon,1,0,0,0,0,0.0,0.0,0.0,0,0.0,4
 bovarysme,2,27,30,0,2,0.0,28.5,0.0,1,0.0029375156273209273,3
 kaveh,1,41,0,0,0,0.0,41.0,0.0,0,0.00498997429342745,3
 Levi Roth,1,0,0,0,0,0.0,0.0,0.0,0,0.0,4
 cerickson,4,138,88,0,0,0.0,56.5,0.0,3,0.007481125197994926,2
 Florian Sachs,1,34,2,0,0,0.0,36.0,1.0,0,0.05437860484856802,1
 Christopher Sorenson,1,0,0,0,0,0.0,0.0,0.0,0,0.0,4
 MikeTheReader,4,0,0,0,2,0.0,0.0,0.0,3,-0.00020291108770874094,6
 Andrey Kislyuk,1,0,0,0,1,0.0,0.0,0.0,0,-0.0003460207612456748,6
 Neil Grey,3,120,111,0,2,0.0,77.0,0.0,2,0.009066434450958501,2
 Tully Rankin,7,0,0,0,2,0.0,0.0,0.0,6,0.0002862193470738677,3
 Anton Sarukhanov,6,49,10,0,1,0.0,9.83,0.17,5,0.01022111634471624,2
 José Oliveira,1,25,1,0,0,0.0,26.0,1.0,0,0.05316295594495278,1
 Xephyr826,1,0,0,0,0,0.0,0.0,0.0,0,0.0,4
 wangbing,1,0,0,0,0,0.0,0.0,0.0,0,0.0,4
 Benjamin Liebald,1,0,0,0,0,0.0,0.0,0.0,0,0.0,4
 rocambolesque,1,4,0,0,0,0.0,4.0,0.0,0,0.00048682676033438534,3
 Sobolev Nikita,1,0,0,0,1,0.0,0.0,0.0,0,-0.0003460207612456748,6
 accraze,2,0,0,0,1,0.0,0.0,0.0,1,-0.00018297728298480523,6
 ka7,1,0,0,0,1,0.0,0.0,0.0,0,-0.0003460207612456748,6
 Antonio Larrosa,4,10,9,0,0,0.0,4.75,0.0,3,0.0010746816980884998,3
 asilversempirical,1,0,0,0,0,0.0,0.0,0.0,0,0.0,4
 Adam Geitgey,1,0,0,0,0,0.0,0.0,0.0,0,0.0,4
 Kyle Lawlor,8,591,268,0,3,0.0,107.38,0.5,7,0.03885787826115288,2
 Diggory Blake,4,58,0,0,0,0.0,14.5,0.0,3,0.0023155603200963127,3
 Ed Brannin,2,0,0,0,1,0.0,0.0,0.0,1,-0.00018297728298480523,6
 Runar Trollet Kristoffersen,1,0,0,0,0,0.0,0.0,1.0,0,0.05,1
 Larivact,1,0,0,0,0,0.0,0.0,0.0,0,0.0,4
 Sven-Hendrik Haase,11,0,0,0,1,0.0,0.0,0.0,10,0.0012844140213630207,3
 Jan Ferko,1,0,0,0,0,0.0,0.0,0.0,0,0.0,4
 John Bodley,1,0,0,0,0,0.0,0.0,1.0,0,0.05,1
 Ben,1,0,0,0,1,0.0,0.0,0.0,0,-0.0003460207612456748,6
 Static,1,8,8,0,1,0.0,16.0,0.0,0,0.001589942302326063,3
 Elton Law,1,0,0,0,0,0.0,0.0,1.0,0,0.05,1
 Sebastian Kalinowski,1,0,0,0,0,0.0,0.0,0.0,0,0.0,4
 Sergio Díaz Sánchez,1,0,0,0,0,0.0,0.0,0.0,0,0.0,4
 Josh Rowe,1,109,44,0,0,0.0,153.0,0.0,0,0.01855873170507832,2
 Timothy John Perisho Eccleston,1,0,0,0,1,0.0,0.0,1.0,0,0.04965397923875433,1
 Nick Ficano,1,0,0,0,1,0.0,0.0,0.0,0,-0.0003460207612456748,6
 vojtekb,1,10,10,0,0,0.0,20.0,0.0,0,0.002419953829464672,3
 Swan Htet Aung,1,0,0,0,0,0.0,0.0,0.0,0,0.0,4
 Raphael Deem,2,0,0,0,0,0.0,0.0,0.0,1,0.00016304347826086955,3
 Kim Blomqvist,1,0,0,0,1,0.0,0.0,0.0,0,-0.0003460207612456748,6
 Dennis Chen,1,0,0,0,0,0.0,0.0,1.0,0,0.05,1
 Andrew Arendt,3,9,5,0,1,0.0,4.67,0.0,2,0.0005545763659322003,3
 Bryce Guinta,1,0,0,0,0,0.0,0.0,1.0,0,0.05,1
 wgwz,5,32,0,0,1,0.0,6.4,0.6,4,0.03112137669718339,2
 Paul Brown,2,18,4,0,0,0.0,11.0,0.0,1,0.0015117430497255074,3
 Gábor Lipták,1,0,0,0,0,0.0,0.0,0.0,0,0.0,4
 Jiri Kuncar,1,10,1,0,0,0.0,11.0,0.0,0,0.0013373555936988342,3
 Hopsken,1,0,0,0,0,0.0,0.0,0.0,0,0.0,4
 ezramorris,1,0,0,0,0,0.0,0.0,0.0,0,0.0,4
 Jannis Leidel,2,149,1,0,0,0.0,75.0,0.0,1,0.009395977028864277,2
 Giles Thomas,1,0,0,0,0,0.0,0.0,0.0,0,0.0,4
 Alex Kahan,2,9,2,0,0,0.0,5.5,0.0,1,0.0008373932639931885,3
 Tery Lim,2,0,0,0,1,0.0,0.0,0.0,1,-0.00018297728298480523,6
 Shandy Brown,1,0,0,0,0,0.0,0.0,0.0,0,0.0,4
 Clenimar Filemon,2,5,5,0,0,0.0,5.0,0.0,1,0.0007715769286788512,3
 Philippe Ombredanne,1,0,0,0,0,0.0,0.0,0.0,0,0.0,4
 Martijn Pieters,3,45,8,0,1,0.0,17.67,0.0,2,0.0021693772730956382,3
 Ionuț Ciocîrlan,1,0,0,0,1,0.0,0.0,0.0,0,-0.0003460207612456748,6
 Cody,1,0,0,0,1,0.0,0.0,0.0,0,-0.0003460207612456748,6
 Michael Recachinas,2,56,5,0,0,0.0,30.5,0.5,1,0.028911256454939055,2
 Geoffrey Bauduin,1,0,0,0,0,0.0,0.0,0.0,0,0.0,4
 Hassam,1,0,0,0,1,0.0,0.0,1.0,0,0.04965397923875433,1
 Joël Charles,1,93,9,0,0,0.0,102.0,0.0,0,0.012401320413540298,2
 小明,1,0,0,0,1,0.0,0.0,0.0,0,-0.0003460207612456748,6
 Benjamin Dopplinger,2,0,0,0,2,0.0,0.0,0.0,1,-0.00052899804423048,6
 Bruno Thalmann,1,0,0,0,0,0.0,0.0,1.0,0,0.05,1
 Pablo Marti,1,0,0,0,0,0.0,0.0,0.0,0,0.0,4
 Akbar Ibrahim,1,0,0,0,1,0.0,0.0,0.0,0,-0.0003460207612456748,6
 Afonso Queirós,1,0,0,0,0,0.0,0.0,0.0,0,0.0,4
 Roman,1,7,3,0,1,0.0,10.0,0.0,0,0.0008667921479281122,3
 PHeanEX,1,0,0,0,1,0.0,0.0,0.0,0,-0.0003460207612456748,6
 Josh Soref,1,5,5,0,0,0.0,10.0,0.0,0,0.001209976914732336,3
 dawran6,2,0,0,0,0,0.0,0.0,0.5,1,0.02516304347826087,2
 sanderl-mediamonks,1,0,0,0,0,0.0,0.0,0.0,0,0.0,4
 Nathan Land,1,0,0,0,0,0.0,0.0,0.0,0,0.0,4
 Zev Averbach,3,0,0,0,2,0.0,0.0,0.33,2,0.01613404543403039,2
 SaturnR,1,0,0,0,0,0.0,0.0,1.0,0,0.05,1
 teichopsia-,1,0,0,0,0,0.0,0.0,0.0,0,0.0,4
 Adam Byrtek,13,159,41,0,0,0.0,15.38,0.23,12,0.015532023393456737,2
 Nate Prewitt,1,9,1,0,0,0.0,10.0,0.0,0,0.001215648903615238,3
 Auke Willem Oosterhoff,1,0,0,0,0,0.0,0.0,0.0,0,0.0,4
 ahmedakef,1,0,0,0,0,0.0,0.0,0.0,0,0.0,4
 Ioan Vancea,1,0,0,0,0,0.0,0.0,0.0,0,0.0,4
 Shakib Hossain,1,0,0,0,0,0.0,0.0,1.0,0,0.05,1
 Hyunchel Kim,4,0,0,0,0,0.0,0.0,0.25,3,0.012989130434782609,2
 Olexander Yermakov,1,0,0,0,0,0.0,0.0,0.0,0,0.0,4
 John Still,1,0,0,0,0,0.0,0.0,1.0,0,0.05,1
 Antoine Catton,1,47,1,0,0,0.0,48.0,0.0,0,0.0058405031267918985,2
 georgschoelly,1,0,0,0,0,0.0,0.0,1.0,0,0.05,1
 Kiss György,3,59,1,0,2,0.0,20.0,1.0,2,0.05212348112731061,1
 Ameya Pandilwar,1,0,0,0,0,0.0,0.0,0.0,0,0.0,4
 Sudheer Satyanarayana,1,0,0,0,0,0.0,0.0,0.0,0,0.0,4
 Baptiste Fontaine,1,0,0,0,0,0.0,0.0,1.0,0,0.05,1
 dcfix,1,0,0,0,1,0.0,0.0,0.0,0,-0.0003460207612456748,6
 Archie Roller,1,0,0,0,1,0.0,0.0,0.0,0,-0.0003460207612456748,6
 Leo Tindall,1,0,0,0,0,0.0,0.0,0.0,0,0.0,4
 Dave Barker,3,0,0,0,2,0.0,0.0,0.0,2,-0.00036595456596961047,6
 RamiC,5,61,10,0,1,0.0,14.2,0.2,4,0.012100750420914824,2
 avborhanian,1,0,0,0,1,0.0,0.0,0.0,0,-0.0003460207612456748,6
 Ryan Backman,2,0,0,0,0,0.0,0.0,0.0,1,0.00016304347826086955,3
 alatar-,1,0,0,0,0,0.0,0.0,0.0,0,0.0,4
 Ping Hu,1,0,0,0,0,0.0,0.0,0.0,0,0.0,4
 Shawn McElroy,1,0,0,0,0,0.0,0.0,0.0,0,0.0,4
 Prachi Shirish Khadke,2,22,4,0,1,0.0,13.0,0.0,1,0.0014119716630884762,3
 Giampaolo Eusebi,2,20,14,0,0,0.0,17.0,1.0,1,0.052236311201344185,1
 Josh,1,21,0,0,0,0.0,21.0,0.0,0,0.002555840491755523,3
 Josiah Philipsen,1,11,4,0,0,0.0,15.0,0.0,0,0.0018199283623710433,3
 jphilipsen05,2,11,4,0,1,0.0,7.5,0.0,1,0.0007347858829147064,3
 James Farrington,2,23,2,0,1,0.0,12.5,0.0,1,0.001353245313877766,3
 Dan Sully,1,14,50,0,1,0.0,64.0,0.0,0,0.007372307543068219,2
 wldtyp,1,0,0,0,1,0.0,0.0,0.0,0,-0.0003460207612456748,6
 Jason Brazeal,1,9,3,0,0,0.0,12.0,0.0,0,0.0014562262893409797,3
 Emily Manders,1,0,0,0,0,0.0,0.0,0.0,0,0.0,4
 Frédéric Chapoton,2,5,3,0,0,0.0,4.0,0.0,1,0.0006512882358159803,3
 Yoav Ram,1,0,0,0,0,0.0,0.0,0.0,0,0.0,4
 Ionuț Arțăriși,1,0,0,0,0,0.0,0.0,1.0,0,0.05,1
 Adam Chainz,1,6,6,0,0,0.0,12.0,1.0,0,0.051451972297678804,1
 dataforger,1,0,0,0,0,0.0,0.0,0.0,0,0.0,4
 Thomas Sanjurjo,1,0,0,0,0,0.0,0.0,1.0,0,0.05,1
 Ronny Pfannschmidt,3,0,0,0,1,0.0,0.0,0.33,2,0.016480066195276068,2
 Stefan Wójcik,1,0,0,0,1,0.0,0.0,0.0,0,-0.0003460207612456748,6
 Corey Goldberg,2,0,0,0,0,0.0,0.0,0.0,1,0.00016304347826086955,3
 Daniel Quinn,2,0,0,0,2,0.0,0.0,0.0,1,-0.00052899804423048,6
 Steven Loria,1,16,1,0,0,0.0,17.0,0.0,0,0.0020675957342004125,3
 Winston Kouch,3,0,0,0,0,0.0,0.0,0.0,2,0.0003260869565217391,3
 Keyan Pishdadian,36,332,444,0,11,0.0,21.56,0.11,35,0.010464492660832356,2
 Stéphane Raimbault,1,0,0,0,0,0.0,0.0,1.0,0,0.05,1
 Steffen Prince,1,0,0,0,0,0.0,0.0,1.0,0,0.05,1
 José Carlos García,1,18,18,0,0,0.0,36.0,1.0,0,0.05435591689303641,1
 David Hou,1,15,3,0,0,0.0,18.0,1.0,0,0.05218646642984256,1
 Shipeng Feng,2,4,4,0,2,0.0,4.0,1.0,1,0.04995782871610391,1
 bagratte,1,32,37,0,0,0.0,69.0,1.0,0,0.05834529571860131,1
 lord63,18,7,3,0,8,0.0,0.56,0.44,17,0.02208086068901767,2
 gunbei,1,0,0,0,0,0.0,0.0,0.0,0,0.0,4
 Austen D'Souza,1,0,0,0,0,0.0,0.0,0.0,0,0.0,4
 whiteUnicorn,1,0,0,0,0,0.0,0.0,0.0,0,0.0,4
 Ethan Rogers,1,0,0,0,1,0.0,0.0,0.0,0,-0.0003460207612456748,6
 Gaëtan Petit,1,0,0,0,0,0.0,0.0,0.0,0,0.0,4
 Reuven,1,39,84,0,0,0.0,123.0,0.0,0,0.014850811113741412,2
 Brian Welch,1,0,0,0,0,0.0,0.0,0.0,0,0.0,4
 Eric Dill,1,0,0,0,0,0.0,0.0,0.0,0,0.0,4
 Prayag Verma,1,0,0,0,0,0.0,0.0,0.0,0,0.0,4
 nivm,1,0,0,0,0,0.0,0.0,1.0,0,0.05,1
 Aviv Cohn,1,0,0,0,0,0.0,0.0,0.0,0,0.0,4
 AvivC,1,0,0,0,0,0.0,0.0,1.0,0,0.05,1
 Dougal Matthews,1,0,0,0,0,0.0,0.0,0.0,0,0.0,4
 Redian Ibra,1,0,0,0,0,0.0,0.0,0.0,0,0.0,4
 Redian,1,0,0,0,0,0.0,0.0,0.0,0,0.0,4
 Ivan Velichko,1,52,5,0,0,0.0,57.0,0.0,0,0.006930191348661364,2
 Daniel Thul,1,0,0,0,1,0.0,0.0,0.0,0,-0.0003460207612456748,6
 Eric Yang,1,0,0,0,0,0.0,0.0,0.0,0,0.0,4
 wodim,1,0,0,0,1,0.0,0.0,0.0,0,-0.0003460207612456748,6
 Abhijeet Kasurde,4,0,0,0,0,0.0,0.0,0.75,3,0.037989130434782616,2
 Michael Klich,1,0,0,0,0,0.0,0.0,0.0,0,0.0,4
 Timo Furrer,2,40,8,0,0,0.0,24.0,1.0,1,0.05310669199579879,1
 hidavy,1,0,0,0,0,0.0,0.0,0.0,0,0.0,4
 Nadav Geva,1,0,0,0,1,0.0,0.0,0.0,0,-0.0003460207612456748,6
 Jimmy McCarthy,5,45,2,0,0,0.0,9.4,0.0,4,0.0018466975008871096,3
 msiyaj,1,0,0,0,0,0.0,0.0,0.0,0,0.0,4
 Jonas Gröger,2,0,0,0,1,0.0,0.0,1.0,1,0.0498170227170152,1
 Mathias J. Hennig,2,0,0,0,0,0.0,0.0,0.0,1,0.00016304347826086955,3
 lobeck,1,0,0,0,0,0.0,0.0,0.0,0,0.0,4
 Christian Becker,2,14,2,0,0,0.0,8.0,0.0,1,0.001145204982253993,3
 Wayne Ye,1,0,0,0,1,0.0,0.0,0.0,0,-0.0003460207612456748,6
 Aayush Kasurde,1,0,0,0,0,0.0,0.0,1.0,0,0.05,1
 Alan Hamlett,2,41,5,0,0,0.0,23.0,0.0,1,0.0029878213001566433,3
 Alexander Pantyukhin,8,81,43,0,3,0.0,15.5,0.0,7,0.002082574578342323,3
 Menghan,1,0,0,0,0,0.0,0.0,1.0,0,0.05,1
 GunWoo Choi,1,0,0,0,0,0.0,0.0,0.0,0,0.0,4
 Vincent Driessen,1,0,0,0,0,0.0,0.0,0.0,0,0.0,4
 Daniel Neuhäuser,70,515,367,0,11,0.0,12.6,0.39,69,0.02918967772504336,2
 Andrew,1,0,0,0,0,0.0,0.0,0.0,0,0.0,4
 Joshua Carp,1,30,1,0,0,0.0,31.0,0.0,0,0.003771489395370761,3
 Wang Haowei,2,0,0,0,2,0.0,0.0,0.0,1,-0.00052899804423048,6
 Justin Poehnelt,1,0,0,0,1,0.0,0.0,0.0,0,-0.0003460207612456748,6
 Jon Banafato,1,0,0,0,0,0.0,0.0,1.0,0,0.05,1
 Nick Janetakis,1,0,0,0,0,0.0,0.0,0.0,0,0.0,4
 Shuhrat Dehkanov,1,0,0,0,0,0.0,0.0,0.0,0,0.0,4
 Matthias Bussonnier,1,4,4,0,0,0.0,8.0,0.0,0,0.000967981531785869,3
 Ford Hurley,1,0,0,0,0,0.0,0.0,0.0,0,0.0,4
 ning.xie,1,0,0,0,1,0.0,0.0,1.0,0,0.04965397923875433,1
 Phil Schaf,12,230,79,0,1,0.0,25.75,0.75,11,0.04237103070160968,2
 Alex Chan,1,6,6,0,1,0.0,12.0,0.0,0,0.0011059515364331286,3
 Brandon Sandrowicz,1,0,0,0,0,0.0,0.0,0.0,0,0.0,4
 Charles Chan,1,0,0,0,0,0.0,0.0,0.0,0,0.0,4
 Torstein Krause Johansen,2,0,0,0,1,0.0,0.0,0.0,1,-0.00018297728298480523,6
 Caleb Bron,1,0,0,0,0,0.0,0.0,0.0,0,0.0,4
 Idris Raja,1,0,0,0,0,0.0,0.0,0.0,0,0.0,4
 Edward Z. Yang,1,0,0,0,0,0.0,0.0,1.0,0,0.05,1
 Chris Rebert,6,0,0,0,2,0.0,0.0,0.0,5,0.00012317586881299821,4
 Philip House,1,0,0,0,1,0.0,0.0,1.0,0,0.04965397923875433,1
 Christopher Bunn,1,0,0,0,1,0.0,0.0,0.0,0,-0.0003460207612456748,6
 Ben Jones,1,24,3,0,0,0.0,27.0,0.0,0,0.0032818266405949246,3
 Bruce Sutherland,4,0,0,0,0,0.0,0.0,0.0,3,0.0004891304347826086,3
 Carlos Eduardo Rivera,1,0,0,0,1,0.0,0.0,0.0,0,-0.0003460207612456748,6
 Brett Gerry,1,0,0,0,0,0.0,0.0,0.0,0,0.0,4
 Sourya Vatsyayan,3,196,7,0,0,0.0,67.67,1.0,2,0.0587439502578144,1
 Parkayun,1,48,48,0,0,0.0,96.0,0.0,0,0.011615778381430427,2
 Sateesh,1,0,0,0,0,0.0,0.0,0.0,0,0.0,4
 Nic Young,1,0,0,0,1,0.0,0.0,0.0,0,-0.0003460207612456748,6
 Michael Hall,1,13,1,0,1,0.0,14.0,0.0,0,0.0013564549027039485,3
 INADA Naoki,8,0,0,0,1,0.0,0.0,0.25,7,0.013295283586580412,2
 Jonathan Como,2,0,0,0,0,0.0,0.0,0.0,1,0.00016304347826086955,3
 Kevin Yap,2,101,99,0,1,0.0,100.0,0.0,1,0.011989109722595554,2
 Prakash Pandey,1,0,0,0,1,0.0,0.0,0.0,0,-0.0003460207612456748,6
 Marc Abramowitz,3,17,8,0,1,0.0,8.33,1.0,2,0.05100617695957611,1
 pkuphy,1,0,0,0,0,0.0,0.0,0.0,0,0.0,4
 David Cole,1,0,0,0,1,0.0,0.0,1.0,0,0.04965397923875433,1
 Mieszko,6,0,0,0,1,0.0,0.0,0.17,5,0.008969196630058674,2
 defuz,24,496,444,0,4,0.0,39.17,0.04,23,0.009780951675935776,2
 flowerhack,1,0,0,0,0,0.0,0.0,0.0,0,0.0,4
 Ivan Ivaschenko,2,0,0,0,1,0.0,0.0,1.0,1,0.0498170227170152,1
 Petr Zemek,12,18,20,0,2,0.0,3.17,0.0,11,0.0015082758447265744,3
 Bryan Stitt,2,0,0,0,0,0.0,0.0,0.0,1,0.00016304347826086955,3
 Gilman Callsen,1,39,1,0,0,0.0,40.0,0.0,0,0.004866849606123128,3
 Matt Wright,6,108,2,0,1,0.0,18.33,0.0,5,0.0028272320700734443,3
 Augustus D'Souza,1,0,0,0,0,0.0,0.0,1.0,0,0.05,1
 Davide Ceretti,1,0,0,0,0,0.0,0.0,0.0,0,0.0,4
 Nick Luchsinger,2,0,0,0,0,0.0,0.0,1.0,1,0.05016304347826087,1
 Ben Darnell,1,0,0,0,1,0.0,0.0,0.0,0,-0.0003460207612456748,6
 Bill Mill,2,0,0,0,1,0.0,0.0,0.5,1,0.0248170227170152,2
 Kevin Funk,1,0,0,0,0,0.0,0.0,0.0,0,0.0,4
 tay-k,1,2,2,0,1,0.0,4.0,0.0,0,0.0001379700046472597,4
 Paulo Bu,3,4,3,0,0,0.0,2.33,0.67,2,0.034112031599775126,2
 cgar,1,2,2,0,1,0.0,4.0,0.0,0,0.0001379700046472597,4
 boreq,1,0,0,0,0,0.0,0.0,1.0,0,0.05,1
 Aaron Schumacher,1,0,0,0,0,0.0,0.0,0.0,0,0.0,4
 Daniel Neuhäuser,48,0,0,0,27,0.0,0.0,0.46,47,0.021320482924627654,2
 James Brewer,1,0,0,0,0,0.0,0.0,0.0,0,0.0,4
 Kyle P. Johnson,1,0,0,0,0,0.0,0.0,0.0,0,0.0,4
 Jeffrey D,1,52,52,0,0,0.0,104.0,0.0,0,0.012583759913216296,2
 Nico Revin,1,48,48,0,1,0.0,96.0,0.0,0,0.011269757620184753,2
 Miles Richardson,1,0,0,0,1,0.0,0.0,0.0,0,-0.0003460207612456748,6
 Jihyeok Seo,1,0,0,0,1,0.0,0.0,1.0,0,0.04965397923875433,1
 Suraj Patil,1,0,0,0,0,0.0,0.0,0.0,0,0.0,4
 root-11,1,0,0,0,0,0.0,0.0,0.0,0,0.0,4
 Mark Slater,2,0,0,0,0,0.0,0.0,1.0,1,0.05016304347826087,1
 Wxcafé (Clément Hertling),1,0,0,0,0,0.0,0.0,0.0,0,0.0,4
 Jakub Stasiak,1,0,0,0,0,0.0,0.0,0.0,0,0.0,4
 EJ Lee,1,0,0,0,0,0.0,0.0,0.0,0,0.0,4
 David Branner,1,0,0,0,0,0.0,0.0,0.0,0,0.0,4
 Bulat Bochkariov,1,0,0,0,1,0.0,0.0,0.0,0,-0.0003460207612456748,6
 kekumu,1,0,0,0,0,0.0,0.0,0.0,0,0.0,4
 Wing,1,0,0,0,0,0.0,0.0,1.0,0,0.05,1
 Shalabh Aggarwal,1,0,0,0,1,0.0,0.0,0.0,0,-0.0003460207612456748,6
 Ian Connolly,2,0,0,0,2,0.0,0.0,0.5,1,0.02447100195576952,2
 Julen Ruiz Aizpuru,1,0,0,0,1,0.0,0.0,0.0,0,-0.0003460207612456748,6
 Marc Schlaich,1,0,0,0,1,0.0,0.0,0.0,0,-0.0003460207612456748,6
 Erik Rose,2,0,0,0,2,0.0,0.0,0.0,1,-0.00052899804423048,6
 Carlos E. Garcia,1,3,3,0,0,0.0,6.0,0.0,0,0.0007259861488394017,3
 Zak Johnson,1,0,0,0,1,0.0,0.0,0.0,0,-0.0003460207612456748,6
 Mihir Singh,2,0,0,0,0,0.0,0.0,0.0,1,0.00016304347826086955,3
 mjfroehlich,1,0,0,0,1,0.0,0.0,1.0,0,0.04965397923875433,1
 raimu,1,2,2,0,1,0.0,4.0,0.0,0,0.0001379700046472597,4
 atupal,1,0,0,0,0,0.0,0.0,0.0,0,0.0,4
 Andrew Plummer,2,0,0,0,1,0.0,0.0,0.0,1,-0.00018297728298480523,6
 Kyle Stevenson,1,0,0,0,0,0.0,0.0,0.0,0,0.0,4
 max demian,5,0,0,0,0,0.0,0.0,1.0,4,0.05065217391304348,1
 Charles-Axel Dein,1,0,0,0,0,0.0,0.0,0.0,0,0.0,4
 Eliseo Ocampos,1,0,0,0,0,0.0,0.0,0.0,0,0.0,4
 Joe Friedl,1,0,0,0,0,0.0,0.0,0.0,0,0.0,4
 Matt Iversen,2,0,0,0,0,0.0,0.0,0.5,1,0.02516304347826087,2
 Alexis Svinartchouk,1,19,1,0,0,0.0,20.0,0.0,0,0.002432715804451201,3
 Martin Polden,1,0,0,0,0,0.0,0.0,0.0,0,0.0,4
 Alex Pearce,1,0,0,0,0,0.0,0.0,0.0,0,0.0,4
 Nicholas Zaccardi,1,0,0,0,1,0.0,0.0,0.0,0,-0.0003460207612456748,6
 Guriec Corbel,1,0,0,0,0,0.0,0.0,0.0,0,0.0,4
 Ifiok Jr.,1,0,0,0,0,0.0,0.0,0.0,0,0.0,4
 Spittie,1,0,0,0,0,0.0,0.0,1.0,0,0.05,1
 Tommaso Allevi,2,0,0,0,0,0.0,0.0,1.0,1,0.05016304347826087,1
 skeuomorf,1,1,1,0,0,0.0,2.0,0.0,0,0.00024199538294646724,3
 bool-dev,1,0,0,0,0,0.0,0.0,1.0,0,0.05,1
 Mikael Åhlén,2,39,12,0,0,0.0,25.5,0.0,1,0.00328570703787237,3
 Zachary Wright Heller,1,0,0,0,1,0.0,0.0,0.0,0,-0.0003460207612456748,6
 Mark Hildreth,1,0,0,0,1,0.0,0.0,0.0,0,-0.0003460207612456748,6
 Afik,1,0,0,0,0,0.0,0.0,0.0,0,0.0,4
 Reetta Vaahtoranta,1,13,20,0,0,0.0,33.0,1.0,0,0.05398796082834417,1
 Pengfei Xue,1,0,0,0,1,0.0,0.0,0.0,0,-0.0003460207612456748,6
 d3spis3d,1,0,0,0,0,0.0,0.0,0.0,0,0.0,4
 Day Barr,1,0,0,0,1,0.0,0.0,0.0,0,-0.0003460207612456748,6
 Christopher Su,2,0,0,0,0,0.0,0.0,0.0,1,0.00016304347826086955,3
 Sean Cronin,1,0,0,0,0,0.0,0.0,0.0,0,0.0,4
 Matt Skone,1,0,0,0,0,0.0,0.0,0.0,0,0.0,4
 talam,1,0,0,0,1,0.0,0.0,1.0,0,0.04965397923875433,1
 John Hobbs,1,0,0,0,0,0.0,0.0,0.0,0,0.0,4
 rsyring,1,0,0,0,0,0.0,0.0,0.0,0,0.0,4
 Alexey Shamrin,1,0,0,0,0,0.0,0.0,0.0,0,0.0,4
 Hyunjun Kim,1,0,0,0,1,0.0,0.0,0.0,0,-0.0003460207612456748,6
 dmackinnon,1,0,0,0,1,0.0,0.0,0.0,0,-0.0003460207612456748,6
 Daniel Richman,1,49,3,0,0,0.0,52.0,1.0,0,0.05632449389268484,1
 Oliver Beattie,2,0,0,0,0,0.0,0.0,0.0,1,0.00016304347826086955,3
 Jet Sun,1,0,0,0,1,0.0,0.0,1.0,0,0.04965397923875433,1
 Michael Bikovitsky,2,0,0,0,0,0.0,0.0,1.0,1,0.05016304347826087,1
 Wouter Van Hemel,2,0,0,0,0,0.0,0.0,0.0,1,0.00016304347826086955,3
 Sean Vieira,2,0,0,0,2,0.0,0.0,0.0,1,-0.00052899804423048,6
 Adam Obeng,1,0,0,0,1,0.0,0.0,1.0,0,0.04965397923875433,1
 Will Bowlin,1,0,0,0,0,0.0,0.0,0.0,0,0.0,4
 Maximilian Hils,1,0,0,0,1,0.0,0.0,0.0,0,-0.0003460207612456748,6
 enkore,1,0,0,0,1,0.0,0.0,1.0,0,0.04965397923875433,1
 Jamie Grove,1,0,0,0,0,0.0,0.0,1.0,0,0.05,1
 Kevin Burke,4,46,10,0,0,0.0,14.0,1.0,3,0.05223840000701618,1
 Chason Chaffin,1,0,0,0,0,0.0,0.0,1.0,0,0.05,1
 Robert Picard,1,0,0,0,0,0.0,0.0,0.0,0,0.0,4
 Eric Radman,1,0,0,0,0,0.0,0.0,0.0,0,0.0,4
 Nick Zaccardi,1,0,0,0,0,0.0,0.0,0.0,0,0.0,4
 Martín Gaitán,1,0,0,0,0,0.0,0.0,1.0,0,0.05,1
 BobStevens,2,0,0,0,1,0.0,0.0,0.0,1,-0.00018297728298480523,6
 Igor Mozharovsky,1,0,0,0,1,0.0,0.0,1.0,0,0.04965397923875433,1
 Karol Kuczmarski,1,23,1,0,0,0.0,24.0,1.0,0,0.052919542564785586,1
 augustusdsouza,1,0,0,0,1,0.0,0.0,1.0,0,0.04965397923875433,1
 Stefano Costa,1,0,0,0,0,0.0,0.0,0.0,0,0.0,4
 Serge S. Koval,1,30,1,0,1,0.0,31.0,0.0,0,0.0034254686341250863,3
 Mark Steve Samson,1,0,0,0,1,0.0,0.0,0.0,0,-0.0003460207612456748,6
 Thomas Waldmann,23,187,225,0,9,0.0,17.91,0.83,22,0.04439230563997774,2
 Tobias Bieniek,1,0,0,0,1,0.0,0.0,1.0,0,0.04965397923875433,1
 Akshar Raaj,1,0,0,0,1,0.0,0.0,0.0,0,-0.0003460207612456748,6
 Cenk Altı,1,0,0,0,0,0.0,0.0,0.0,0,0.0,4
 Jason Moon,1,0,0,0,1,0.0,0.0,1.0,0,0.04965397923875433,1
 Alexander Thaller,1,0,0,0,0,0.0,0.0,0.0,0,0.0,4
 Trey Long,1,0,0,0,0,0.0,0.0,0.0,0,0.0,4
 Steve Leonard,1,0,0,0,0,0.0,0.0,0.0,0,0.0,4
 Ed Burnett,2,0,0,0,0,0.0,0.0,0.0,1,0.00016304347826086955,3
 =,1,0,0,0,1,0.0,0.0,0.0,0,-0.0003460207612456748,6
 Tomasz Kalkosiński,1,0,0,0,0,0.0,0.0,0.0,0,0.0,4
 Michael N. Gagnon,1,0,0,0,1,0.0,0.0,0.0,0,-0.0003460207612456748,6
 OrangeTux,1,0,0,0,0,0.0,0.0,0.0,0,0.0,4
 Paulo Poiati,1,32,1,0,0,0.0,33.0,0.0,0,0.004014902775537954,3
 Alex Couper,4,0,0,0,0,0.0,0.0,0.0,3,0.0004891304347826086,3
 Devon Mizelle,1,0,0,0,1,0.0,0.0,1.0,0,0.04965397923875433,1
 lambdadi,1,0,0,0,0,0.0,0.0,0.0,0,0.0,4
 schneems,1,56,55,0,0,0.0,111.0,0.0,0,0.013431452752139294,2
 Max Countryman,4,34,0,0,1,0.0,8.5,0.0,3,0.0012137754683760017,3
 Trung Ly,1,0,0,0,1,0.0,0.0,0.0,0,-0.0003460207612456748,6
 Baiju Muthukadan,1,0,0,0,0,0.0,0.0,0.0,0,0.0,4
 oliversong,1,8,8,0,0,0.0,16.0,0.0,0,0.001935963063571738,3
 Iyra Gaura,1,0,0,0,0,0.0,0.0,1.0,0,0.05,1
 Gennady Kovshenin,1,9,2,0,0,0.0,11.0,0.0,0,0.0013359375964781088,3
 soulseekah,1,0,0,0,0,0.0,0.0,1.0,0,0.05,1
 Quentin Roy,1,0,0,0,1,0.0,0.0,1.0,0,0.04965397923875433,1
 Mitchell Peabody,2,0,0,0,0,0.0,0.0,0.0,1,0.00016304347826086955,3
 Corbin Simpson,1,0,0,0,0,0.0,0.0,0.0,0,0.0,4
 jfinkels,2,0,0,0,1,0.0,0.0,0.5,1,0.0248170227170152,2
 Ryan Macy,1,0,0,0,1,0.0,0.0,0.0,0,-0.0003460207612456748,6
 Ralph Bean,1,0,0,0,1,0.0,0.0,0.0,0,-0.0003460207612456748,6
 Finbarr O'Callaghan,3,18,18,0,3,0.0,12.0,0.0,2,0.0007570129371122235,3
 pinchsp,1,0,0,0,1,0.0,0.0,0.0,0,-0.0003460207612456748,6
 d1ffuz0r,1,0,0,0,1,0.0,0.0,0.0,0,-0.0003460207612456748,6
 Alex Morega,1,0,0,0,1,0.0,0.0,0.0,0,-0.0003460207612456748,6
 Ben Rousch,2,0,0,0,0,0.0,0.0,0.0,1,0.00016304347826086955,3
 Priit Laes,9,0,0,0,3,0.0,0.0,0.22,8,0.011266285542349933,2
 Paul McMillan,3,0,0,0,1,0.0,0.0,0.33,2,0.016480066195276068,2
 Sven Slootweg,1,0,0,0,1,0.0,0.0,1.0,0,0.04965397923875433,1
 Ramiro Gomez,1,2,3,0,1,0.0,5.0,1.0,0,0.05025825869751013,1
 Randall Degges,1,0,0,0,1,0.0,0.0,0.0,0,-0.0003460207612456748,6
 Akai Kitsune,1,0,0,0,0,0.0,0.0,0.0,0,0.0,4
 Simon Sapin,18,64,9,0,6,0.0,4.06,0.17,17,0.009774738478110417,2
 Ron DuPlain,122,1135,846,0,27,0.0,16.24,0.22,121,0.024948615533548407,2
 esaurito,1,0,0,0,1,0.0,0.0,0.0,0,-0.0003460207612456748,6
 Laurens Van Houtven,1,0,0,0,0,0.0,0.0,1.0,0,0.05,1
 bev-a-tron,1,0,0,0,1,0.0,0.0,0.0,0,-0.0003460207612456748,6
 Ramiro Gómez,1,0,0,0,0,0.0,0.0,1.0,0,0.05,1
 Massimo Santini,1,0,0,0,0,0.0,0.0,0.0,0,0.0,4
 Natan L,1,0,0,0,0,0.0,0.0,0.0,0,0.0,4
 Alex Vykalyuk,3,0,0,0,1,0.0,0.0,0.33,2,0.016480066195276068,2
 ekoka,2,0,0,0,0,0.0,0.0,0.5,1,0.02516304347826087,2
 Vadim Pestovnikov,1,0,0,0,0,0.0,0.0,0.0,0,0.0,4
 Natan,1,0,0,0,0,0.0,0.0,0.0,0,0.0,4
 Florent Xicluna,1,0,0,0,0,0.0,0.0,0.0,0,0.0,4
 Dmitry Shevchenko,4,88,3,0,0,0.0,22.75,0.25,3,0.01585048195283676,2
 Sergey,1,0,0,0,0,0.0,0.0,1.0,0,0.05,1
 Pascal Hartig,1,0,0,0,0,0.0,0.0,0.0,0,0.0,4
 Kamil Kisiel,1,0,0,0,1,0.0,0.0,1.0,0,0.04965397923875433,1
 Filip Ristić,1,0,0,0,0,0.0,0.0,0.0,0,0.0,4
 Jon Parise,1,0,0,0,0,0.0,0.0,0.0,0,0.0,4
 jtsoi,1,0,0,0,1,0.0,0.0,0.0,0,-0.0003460207612456748,6
 iammookli,1,0,0,0,0,0.0,0.0,0.0,0,0.0,4
 James Saryerwinnie,2,47,1,0,0,0.0,24.0,0.5,1,0.028116617976343867,2
 wilsaj,4,0,0,0,4,0.0,0.0,0.0,3,-0.0008949526102000905,6
 Anton I. Sipos,1,50,38,0,0,0.0,88.0,0.0,0,0.010656304832968911,2
 Ned Jackson Lovely,4,0,0,0,0,0.0,0.0,0.0,3,0.0004891304347826086,3
 Christoph Heer,1,35,0,0,0,0.0,35.0,0.0,0,0.004259734152925872,3
 Thibaud Morel,1,0,0,0,0,0.0,0.0,0.0,0,0.0,4
 Matt Dawson,2,0,0,0,1,0.0,0.0,0.0,1,-0.00018297728298480523,6
 Dave Shawley,3,53,5,0,1,0.0,19.33,0.0,2,0.0023804004810138073,3
 Jeffrey Finkelstein,3,81,19,0,2,0.0,33.33,0.33,2,0.02025812534202864,2
 Thiago de Arruda,1,0,0,0,0,0.0,0.0,0.0,0,0.0,4
 awsum,3,0,0,0,1,0.0,0.0,0.33,2,0.016480066195276068,2
 Andrew Ash,1,0,0,0,0,0.0,0.0,0.0,0,0.0,4
 FND,4,94,95,0,1,0.0,47.25,0.25,3,0.018460042150055776,2
 Joe Esposito,1,0,0,0,0,0.0,0.0,0.0,0,0.0,4
 Steven Osborn,1,30,1,0,0,0.0,31.0,1.0,0,0.05377148939537077,1
 Ori Livneh,5,0,0,0,0,0.0,0.0,1.0,4,0.05065217391304348,1
 Reisen,1,0,0,0,0,0.0,0.0,0.0,0,0.0,4
 Kyle Wild,2,0,0,0,1,0.0,0.0,1.0,1,0.0498170227170152,1
 Sundar Raman,1,0,0,0,1,0.0,0.0,0.0,0,-0.0003460207612456748,6
 ThomasWaldmann,3,0,0,0,3,0.0,0.0,0.67,2,0.032788024672784716,2
 Craig Dennis,1,3,3,0,0,0.0,6.0,1.0,0,0.05072598614883941,1
 Jim Rollenhagen,2,0,0,0,1,0.0,0.0,1.0,1,0.0498170227170152,1
 Cory Li,1,0,0,0,0,0.0,0.0,0.0,0,0.0,4
 Ross Lawley,1,0,0,0,1,0.0,0.0,0.0,0,-0.0003460207612456748,6
 kracekumar,1,0,0,0,0,0.0,0.0,0.0,0,0.0,4
 Michał Bartoszkiewicz,3,4,1,0,2,0.0,1.67,0.33,2,0.016340599539994286,2
 Joel Perras,1,0,0,0,1,0.0,0.0,0.0,0,-0.0003460207612456748,6
 Pedro Algarvio,6,275,9,0,0,0.0,47.33,0.0,5,0.006898430460203525,2
 Christopher Currie,1,0,0,0,1,0.0,0.0,0.0,0,-0.0003460207612456748,6
 Alexis Metaireau,1,0,0,0,0,0.0,0.0,1.0,0,0.05,1
 Brandon Stafford,2,0,0,0,1,0.0,0.0,0.0,1,-0.00018297728298480523,6
 Dan Callahan,1,2,2,0,1,0.0,4.0,0.0,0,0.0001379700046472597,4
 Ustun Ozgur,1,0,0,0,0,0.0,0.0,0.0,0,0.0,4
 Felix Hummel,1,0,0,0,0,0.0,0.0,0.0,0,0.0,4
 consigliere,1,0,0,0,0,0.0,0.0,0.0,0,0.0,4
 Jesse Dubay,1,0,0,0,1,0.0,0.0,0.0,0,-0.0003460207612456748,6
 Bastian Hoyer,1,0,0,0,0,0.0,0.0,0.0,0,0.0,4
 Hadley Rich,1,0,0,0,1,0.0,0.0,0.0,0,-0.0003460207612456748,6
 Luit van Drongelen,1,0,0,0,0,0.0,0.0,0.0,0,0.0,4
 Peter Manser,1,0,0,0,0,0.0,0.0,0.0,0,0.0,4
 Merlin,2,65,1,0,0,0.0,33.0,0.0,1,0.004224740162082763,3
 Steve Romanow,1,0,0,0,0,0.0,0.0,0.0,0,0.0,4
 Sharoon Thomas,1,0,0,0,1,0.0,0.0,0.0,0,-0.0003460207612456748,6
 Aaron Kavlie,6,3,1,0,0,0.0,0.67,0.0,5,0.0009000648071846477,3
 streety,1,0,0,0,0,0.0,0.0,0.0,0,0.0,4
 Kanak Kshetri,1,0,0,0,0,0.0,0.0,0.0,0,0.0,4
 Rémy Roy,1,0,0,0,0,0.0,0.0,0.0,0,0.0,4
 Noufal Ibrahim,1,0,0,0,0,0.0,0.0,0.0,0,0.0,4
 matt swanson,6,0,0,0,5,0.0,0.0,1.0,5,0.04908511358507598,2
 Matt Chisholm,1,136,4,0,1,0.0,140.0,0.0,0,0.01668724386157491,2
 Drew Vogel,1,0,0,0,0,0.0,0.0,0.0,0,0.0,4
 mvantellingen,3,46,0,0,0,0.0,15.33,0.67,2,0.035735340490262925,2
 Sam Anderson,1,8,8,0,0,0.0,16.0,1.0,0,0.05193596306357174,1
 Baiju M,1,0,0,0,0,0.0,0.0,1.0,0,0.05,1
 Sean Reifschneider,1,0,0,0,0,0.0,0.0,1.0,0,0.05,1
 Jerry Baker,1,0,0,0,0,0.0,0.0,0.0,0,0.0,4
 fmw,1,0,0,0,0,0.0,0.0,0.0,0,0.0,4
 Dag Odenhall,13,56,0,0,5,0.0,4.31,0.62,12,0.03182427004350166,2
 Ivo Danihelka,1,0,0,0,0,0.0,0.0,1.0,0,0.05,1
 Daniel Gerber,1,0,0,0,0,0.0,0.0,0.0,0,0.0,4
 Jason Davies,1,17,17,0,0,0.0,34.0,1.0,0,0.054113921510089945,1
 Georg Brandl,3,24,24,0,2,0.0,16.0,0.67,2,0.03509269645313374,2
 doobeh,1,0,0,0,0,0.0,0.0,0.0,0,0.0,4
 Daniel D. Beck,1,0,0,0,0,0.0,0.0,1.0,0,0.05,1
 Francisco Souza,1,0,0,0,0,0.0,0.0,1.0,0,0.05,1
 Daniel Haaker,5,2,2,0,0,0.0,0.8,0.0,4,0.0007512408617752259,3
 Nick Walker,1,0,0,0,0,0.0,0.0,0.0,0,0.0,4
 Jeff Weber,1,0,0,0,0,0.0,0.0,0.0,0,0.0,4
 agentultra,2,0,0,0,0,0.0,0.0,0.0,1,0.00016304347826086955,3
 Heungsub Lee,1,0,0,0,1,0.0,0.0,0.0,0,-0.0003460207612456748,6
 Zhao Xiaohong,3,0,0,0,3,0.0,0.0,0.33,2,0.015788024672784718,2
 jgraeme,3,33,33,0,2,0.0,22.0,0.0,2,0.0023271905852974887,3
 Stephane Wirtel,2,0,0,0,1,0.0,0.0,0.0,1,-0.00018297728298480523,6
 Aku Kotkavuo,2,0,0,0,0,0.0,0.0,0.0,1,0.00016304347826086955,3
 florentx,16,84,58,0,5,0.0,8.88,0.06,15,0.0049028237268479,3
 Ali Afshar,1,0,0,0,0,0.0,0.0,1.0,0,0.05,1
 Thomas Schranz,1,0,0,0,0,0.0,0.0,0.0,0,0.0,4
 Marcus Fredriksson,1,0,0,0,0,0.0,0.0,0.0,0,0.0,4
 Justin Quick,5,1652,47,0,0,0.0,339.8,0.0,4,0.04386880315648545,2
 Adam Zapletal,5,16,16,0,5,0.0,6.4,0.0,4,-0.00028539430333091487,6
 Christopher Grebs,3,2,1,0,3,0.0,1.0,1.0,2,0.04941114936008904,2
 Matt Campbell,5,54,54,0,0,0.0,21.6,1.0,4,0.053326981528800665,1
 Andre Wobst,1,0,0,0,0,0.0,0.0,0.0,0,0.0,4
 Marian Sigler,2,0,0,0,1,0.0,0.0,0.0,1,-0.00018297728298480523,6
 unknown,2,33,3,0,1,0.0,18.0,0.0,1,0.0020290130968308104,3
 Sebastien Estienne,3,76,17,0,0,0.0,31.0,1.0,2,0.054162804224045874,1
 cgrinds,2,0,0,0,0,0.0,0.0,0.0,1,0.00016304347826086955,3
 Chris Edgemon,1,58,58,0,0,0.0,116.0,0.0,0,0.014035732210895099,2
 moraes,1,4,4,0,1,0.0,8.0,0.0,0,0.0006219607705401941,3
